Reg_No,Sub1,Sub2,Sub3,Sub4,Sub5,Sub6,Sub7,Sub8,Sub9
CE306,,,,,,,,,
CE334,,,,,,,,,
CE308,,,,,,,,,
CE352,,,,,,,,,
HS300,,,,,,,,,
CE362,,,,,,,,,
CE302,,,,,,,,,
CE366,,,,,,,,,
CE368,,,,,,,,,
CE304,,,,,,,,,
CE332,,,,,,,,,
Register No,Course Code (Grade),,,,,,,,
LMAC15CE123,HS300(B+), CE302(B), CE304(B), CE306(F), CE308(C), CE366(B), CE332(B+), CE334(B+),CE352(C)
,,,,,,,,,
LMAC15CE124,HS300(A), CE302(A), CE304(A+), CE306(B+), CE308(B+), CE368(B), CE332(A), CE334(B),
,CE352(B),,,,,,,,
LMAC15CE125,HS300(A), CE302(B+), CE304(A+), CE306(B), CE308(B+), CE368(A), CE332(B), CE334(B+),
LMAC15CE126,HS300(B+), CE302(B+), CE304(O), CE306(B+), CE308(B+), CE362(B+), CE332(B+), CE334(B),
LMAC15CE127,HS300(B), CE302(C), CE304(C), CE306(F), CE308(P), CE366(C), CE332(B+), CE334(A),
LMAC15CE128,HS300(B), CE302(B), CE304(C), CE306(Absent), CE308(C), CE368(F), CE332(B+), CE334(B+),
LMAC15CE129,HS300(A+), CE302(B+), CE304(A+), CE306(B), CE308(A+), CE366(A+), CE332(A), CE334(A),
LMAC15CE130,HS300(B), CE302(F), CE304(F), CE306(F), CE308(F), CE362(F), CE332(B+), CE334(B+),
LMAC15CE131,HS300(C), CE302(C), CE304(B+), CE306(C), CE308(C), CE362(C), CE332(B+), CE334(A),
LMAC15CE132,HS300(B), CE302(F), CE304(B), CE306(F), CE308(C), CE366(B), CE332(B+), CE334(A),
LMAC15CE133,HS300(P), CE302(P), CE304(F), CE306(F), CE308(F), CE362(C), CE332(A), CE334(B+),
LMAC15CE134,HS300(B), CE302(C), CE304(C), CE306(Absent), CE308(F), CE362(B), CE332(B+), CE334(P),
MAC15CE001,HS300(B), CE302(C), CE304(B), CE306(C), CE308(B+), CE366(A), CE332(A), CE334(A+),
MAC15CE002,HS300(B+), CE302(B), CE304(B), CE306(C), CE308(B+), CE366(B+), CE332(B+), CE334(B+),
MAC15CE003,HS300(B+), CE302(B), CE304(C), CE306(C), CE308(C), CE362(B), CE332(B+), CE334(B),
MAC15CE004,HS300(F), CE302(FE), CE304(FE), CE306(FE), CE308(FE), CE366(FE), CE332(C), CE334(I),
MAC15CE005,HS300(B), CE302(F), CE304(F), CE306(F), CE308(C), CE362(B+), CE332(B+), CE334(A),
MAC15CE006,HS300(B+), CE302(B+), CE304(C), CE306(B), CE308(B+), CE362(B+), CE332(B+), CE334(B),
MAC15CE007,HS300(C), CE302(B), CE304(F), CE306(C), CE308(B), CE366(B+), CE332(B+), CE334(B),
MAC15CE010,HS300(B+), CE302(B), CE304(C), CE306(C), CE308(F), CE362(C), CE332(B+), CE334(B),
MAC15CE011,HS300(B), CE302(C), CE304(F), CE306(B), CE308(F), CE366(B+), CE332(B+), CE334(C),
MAC15CE012,HS300(F), CE302(B), CE304(C), CE306(F), CE308(F), CE368(F), CE332(B), CE334(B),
MAC15CE013,HS300(B+), CE302(B), CE304(A+), CE306(B), CE308(B+), CE362(A), CE332(A), CE334(A),
MAC15CE014,HS300(A), CE302(B+), CE304(B+), CE306(C), CE308(B+), CE362(B+), CE332(B+), CE334(C),
MAC15CE015,HS300(A), CE302(B+), CE304(B+), CE306(C), CE308(A+), CE366(A+), CE332(A), CE334(A),
MAC15CE016,HS300(B), CE302(B), CE304(B+), CE306(F), CE308(A+), CE366(B+), CE332(B+), CE334(B+),
MAC15CE017,HS300(B), CE302(C), CE304(F), CE306(F), CE308(C), CE362(B), CE332(B+), CE334(C),
MAC15CE018,HS300(A+), CE302(B+), CE304(B+), CE306(C), CE308(B+), CE366(A+), CE332(B+), CE334(B),
MAC15CE019,HS300(C), CE302(C), CE304(F), CE306(C), CE308(B), CE366(B+), CE332(B+), CE334(B),
MAC15CE020,HS300(A), CE302(B+), CE304(B+), CE306(B), CE308(A), CE366(A+), CE332(A), CE334(A),
MAC15CE021,HS300(C), CE302(B+), CE304(B), CE306(F), CE308(B+), CE366(B+), CE332(B+), CE334(B+),
MAC15CE022,HS300(B+), CE302(B+), CE304(C), CE306(C), CE308(B+), CE366(A), CE332(B+), CE334(B+),
MAC15CE023,HS300(B+), CE302(C), CE304(C), CE306(B), CE308(B+), CE366(B+), CE332(B+), CE334(B+),
MAC15CE024,HS300(A), CE302(B+), CE304(B+), CE306(B), CE308(A), CE366(A), CE332(B+), CE334(B+),
MAC15CE025,HS300(B+), CE302(C), CE304(F), CE306(P), CE308(C), CE366(B+), CE332(B+), CE334(B+),
MAC15CE026,HS300(A+), CE302(O), CE304(B), CE306(B+), CE308(O), CE366(O), CE332(A), CE334(B+),
MAC15CE029,HS300(B), CE302(B), CE304(C), CE306(B+), CE308(B), CE366(B+), CE332(B+), CE334(B+),
MAC15CE030,HS300(B+), CE302(B+), CE304(B), CE306(F), CE308(B), CE366(B+), CE332(B+), CE334(B),
MAC15CE031,HS300(A+), CE302(B+), CE304(B+), CE306(B), CE308(B), CE366(A+), CE332(A), CE334(B+),
MAC15CE032,HS300(B+), CE302(B), CE304(C), CE306(F), CE308(B), CE366(B), CE332(B+), CE334(B),
MAC15CE033,HS300(A), CE302(B+), CE304(B), CE306(B+), CE308(B), CE362(B+), CE332(B+), CE334(B),
MAC15CE035,HS300(C), CE302(C), CE304(F), CE306(C), CE308(C), CE366(B+), CE332(A), CE334(A),
MAC15CE036,HS300(B), CE302(C), CE304(F), CE306(C), CE308(B), CE366(B+), CE332(B), CE334(C),
MAC15CE037,HS300(F), CE302(C), CE304(Absent), CE306(B), CE308(F), CE362(C), CE332(B), CE334(B),
MAC15CE038,HS300(A), CE302(B), CE304(B+), CE306(A), CE308(A), CE366(A), CE332(B+), CE334(B+),
MAC15CE039,HS300(B), CE302(B+), CE304(C), CE306(C), CE308(B+), CE366(B), CE332(B+), CE334(B+),
MAC15CE040,HS300(C), CE302(A+), CE304(B+), CE306(C), CE308(B+), CE366(B+), CE332(B+), CE334(B),
MAC15CE041,HS300(A+), CE302(B+), CE304(B+), CE306(B+), CE308(B+), CE366(A), CE332(B+), CE334(B+),
MAC15CE042,HS300(B+), CE302(A+), CE304(B+), CE306(C), CE308(A+), CE362(B), CE332(B+), CE334(B),
MAC15CE043,HS300(A), CE302(B+), CE304(B), CE306(F), CE308(B+), CE366(B), CE332(A), CE334(B),
MAC15CE044,HS300(B), CE302(B), CE304(F), CE306(B+), CE308(B), CE366(A), CE332(A), CE334(B+),
MAC15CE045,HS300(B+), CE302(B+), CE304(B+), CE306(B), CE308(A+), CE366(A), CE332(B+), CE334(A),
MAC15CE046,HS300(B+), CE302(C), CE304(F), CE306(F), CE308(F), CE366(B+), CE332(B+), CE334(B),
MAC15CE049,HS300(C), CE302(B), CE304(C), CE306(F), CE308(C), CE362(B), CE332(B), CE334(C),
MAC15CE050,HS300(A), CE302(A+), CE304(B+), CE306(C), CE308(A), CE362(B+), CE332(B+), CE334(B+),
MAC15CE051,HS300(FE), CE302(FE), CE304(FE), CE306(FE), CE308(FE), CE366(FE), CE332(I), CE334(I),
MAC15CE052,HS300(A), CE302(A), CE304(B+), CE306(B), CE308(B+), CE366(A+), CE332(B+), CE334(B+),
MAC15CE053,HS300(B), CE302(B+), CE304(C), CE306(B), CE308(C), CE362(B+), CE332(B+), CE334(B+),
MAC15CE054,HS300(A), CE302(B+), CE304(B+), CE306(B), CE308(A), CE366(A), CE332(A), CE334(B+),
MAC15CE055,HS300(B+), CE302(B+), CE304(B), CE306(B), CE308(B+), CE366(B+), CE332(B+), CE334(A),
MAC15CE056,HS300(O), CE302(A+), CE304(A), CE306(B+), CE308(O), CE366(O), CE332(A+), CE334(O),
MAC15CE057,HS300(A), CE302(B+), CE304(B+), CE306(B), CE308(A+), CE366(A), CE332(A), CE334(A+),
MAC15CE058,HS300(C), CE302(C), CE304(F), CE306(C), CE308(B+), CE366(B+), CE332(B+), CE334(B+),
MAC15CE060,HS300(A+), CE302(B+), CE304(F), CE306(C), CE308(B), CE362(B+), CE332(B+), CE334(A+),
MAC15CE061,HS300(B+), CE302(B), CE304(B), CE306(C), CE308(C), CE362(B), CE332(B+), CE334(B+),
MAC15CE062,HS300(B+), CE302(B+), CE304(B+), CE306(B), CE308(B), CE362(B), CE332(B+), CE334(A),
MAC15CE063,HS300(B), CE302(B+), CE304(B), CE306(B), CE308(A+), CE362(B), CE332(B+), CE334(C),
MAC15CE064,HS300(A), CE302(B+), CE304(B), CE306(B), CE308(A), CE366(A), CE332(B+), CE334(B+),
MAC15CE065,HS300(A), CE302(A), CE304(B+), CE306(B+), CE308(B+), CE362(B+), CE332(B+), CE334(B+),
MAC15CE066,HS300(B), CE302(C), CE304(F), CE306(F), CE308(F), CE362(B+), CE332(B+), CE334(B+),
MAC15CE068,HS300(O), CE302(B+), CE304(B+), CE306(B), CE308(A), CE366(O), CE332(B), CE334(A),
MAC15CE069,HS300(O), CE302(B), CE304(B+), CE306(B), CE308(B+), CE366(A+), CE332(B), CE334(B+),
MAC15CE070,HS300(B+), CE302(B), CE304(B), CE306(C), CE308(B), CE362(B+), CE332(B+), CE334(B+),
MAC15CE071,HS300(B+), CE302(B+), CE304(B), CE306(B), CE308(B+), CE366(B+), CE332(B+), CE334(A),
MAC15CE072,HS300(B+), CE302(B), CE304(B), CE306(B), CE308(B), CE362(B+), CE332(B+), CE334(B+),
MAC15CE073,HS300(B+), CE302(A), CE304(C), CE306(F), CE308(B), CE362(B), CE332(B), CE334(B+),
MAC15CE074,HS300(B+), CE302(B), CE304(B), CE306(F), CE308(B), CE362(B), CE332(B+), CE334(B+),
MAC15CE075,HS300(B+), CE302(F), CE304(F), CE306(C), CE308(B), CE366(A), CE332(B), CE334(B+),
MAC15CE076,HS300(B), CE302(B), CE304(C), CE306(F), CE308(B), CE366(B), CE332(B+), CE334(B),
MAC15CE077,HS300(A+), CE302(B+), CE304(A+), CE306(B), CE308(O), CE366(A+), CE332(B+), CE334(A),
MAC15CE078,HS300(A+), CE302(F), CE304(A), CE306(B), CE308(A), CE362(A), CE332(A), CE334(B+),
MAC15CE079,HS300(B), CE302(C), CE304(F), CE306(B), CE308(C), CE362(F), CE332(B+), CE334(B+),
MAC15CE082,HS300(C), CE302(C), CE304(C), CE306(F), CE308(C), CE362(C), CE332(B), CE334(B+),
MAC15CE083,HS300(A), CE302(B+), CE304(B), CE306(B), CE308(B+), CE366(A), CE332(B), CE334(B+),
MAC15CE084,HS300(B+), CE302(B), CE304(B+), CE306(F), CE308(B), CE362(B+), CE332(B), CE334(B),
MAC15CE085,HS300(B), CE302(C), CE304(B), CE306(B), CE308(B+), CE366(B+), CE332(B+), CE334(B+),
MAC15CE086,HS300(A+), CE302(B+), CE304(A+), CE306(B), CE308(A), CE362(A+), CE332(B+), CE334(A+),
MAC15CE089,HS300(B), CE302(F), CE304(F), CE306(B), CE308(C), CE366(B), CE332(B+), CE334(A),
MAC15CE090,HS300(B+), CE302(C), CE304(B), CE306(B), CE308(B+), CE368(B), CE332(B+), CE334(A+),
MAC15CE092,HS300(B+), CE302(B+), CE304(B), CE306(B+), CE308(B), CE362(B+), CE332(B), CE334(B+),
MAC15CE093,HS300(O), CE302(A), CE304(A), CE306(A+), CE308(A+), CE366(A+), CE332(B+), CE334(A),
MAC15CE094,HS300(A), CE302(A), CE304(B), CE306(C), CE308(B), CE362(B), CE332(B), CE334(B+),
MAC15CE095,HS300(B+), CE302(B+), CE304(B), CE306(B), CE308(B+), CE362(B), CE332(B+), CE334(B),
MAC15CE096,HS300(B), CE302(A+), CE304(B), CE306(B+), CE308(B+), CE366(B+), CE332(B+), CE334(B+),
MAC15CE097,HS300(A+), CE302(A+), CE304(B+), CE306(B+), CE308(B+), CE366(B+), CE332(A), CE334(B+),
MAC15CE098,HS300(A+), CE302(B), CE304(C), CE306(B), CE308(B), CE362(A), CE332(B+), CE334(B+),
MAC15CE099,HS300(O), CE302(A), CE304(B+), CE306(O), CE308(O), CE362(A+), CE332(B+), CE334(A),
MAC15CE100,HS300(A+), CE302(B+), CE304(B), CE306(B+), CE308(O), CE366(A+), CE332(B+), CE334(A),
MAC15CE101,HS300(B), CE302(B+), CE304(B), CE306(B+), CE308(A), CE362(B), CE332(B+), CE334(A),
MAC15CE102,HS300(O), CE302(O), CE304(B+), CE306(B), CE308(A+), CE362(A+), CE332(B+), CE334(A),
MAC15CE103,HS300(F), CE302(FE), CE304(F), CE306(F), CE308(F), CE362(C), CE332(B+), CE334(B+),
MAC15CE104,HS300(A), CE302(O), CE304(B), CE306(C), CE308(A), CE366(A+), CE332(B+), CE334(B+),
MAC15CE105,HS300(B), CE302(B), CE304(B), CE306(B), CE308(B+), CE362(B+), CE332(B+), CE334(B+),
MAC15CE106,HS300(B), CE302(B+), CE304(C), CE306(B), CE308(A), CE366(B+), CE332(B+), CE334(B+),
MAC15CE108,HS300(A+), CE302(A+), CE304(B), CE306(B+), CE308(A+), CE362(B+), CE332(B+), CE334(A),
MAC15CE109,HS300(B+), CE302(B), CE304(F), CE306(B), CE308(B+), CE362(C), CE332(B+), CE334(B),
MAC15CE110,HS300(B+), CE302(B), CE304(B), CE306(B), CE308(B+), CE362(A), CE332(A), CE334(B+),
MAC15CE111,HS300(B), CE302(B+), CE304(B), CE306(C), CE308(B), CE366(A), CE332(B), CE334(A),
MAC15CE112,HS300(B+), CE302(A+), CE304(B), CE306(B+), CE308(B+), CE366(B+), CE332(B+), CE334(A),
MAC15CE113,HS300(C), CE302(B), CE304(C), CE306(F), CE308(B+), CE366(B+), CE332(B+), CE334(B+),
MAC15CE114,HS300(A+), CE302(B+), CE304(C), CE306(C), CE308(B+), CE366(A), CE332(B+), CE334(B+),
MAC15CE115,HS300(F), CE302(F), CE304(F), CE306(F), CE308(B), CE362(C), CE332(B+), CE334(B+),
MAC15CE116,HS300(C), CE302(B), CE304(C), CE306(F), CE308(B), CE362(B), CE332(B+), CE334(B+),
MAC15CE117,HS300(B+), CE302(A+), CE304(B), CE306(C), CE308(B+), CE366(A+), CE332(B+), CE334(B+),
MAC15CE118,HS300(B+), CE302(B+), CE304(F), CE306(P), CE308(B), CE366(B+), CE332(A), CE334(B+),
MAC15CE119,HS300(O), CE302(A), CE304(B), CE306(B), CE308(B+), CE362(O), CE332(A+), CE334(A),
MAC15CE120,HS300(A), CE302(A), CE304(Debarred), CE306(F), CE308(B+), CE362(B+), CE332(B+),,
MAC15CE121,HS300(P), CE302(F), CE304(F), CE306(B), CE308(F), CE362(B), CE332(B+), CE334(P),
MAC15CE122,HS300(C), CE302(P), CE304(B), CE306(F), CE308(C), CE362(F), CE332(B+), CE334(B),
MECHANICAL ENGINEERING[Full Time],,,,,,,,,
Course Code,Course,,,,,,,,
ME306,ADVANCED MANUFACTURING TECHNOLOGY,,,,,,,,
ME334,MANUFACTURING TECHNOLOGY LAB II,,,,,,,,
ME352,COMPREHENSIVE EXAM,,,,,,,,
ME312,METROLOGY AND INSTRUMENTATION,,,,,,,,
ME368,MARKETING MANAGEMENT,,,,,,,,
ME302,HEAT & MASS TRANSFER,,,,,,,,
ME374,THEORY OF VIBRATION,,,,,,,,
ME372,OPERATIONS RESEARCH,,,,,,,,
ME304,DYNAMICS OF MACHINERY,,,,,,,,
ME332,COMPUTER AIDED DESIGN & ANALYSIS LAB,,,,,,,,
HS300,PRINCIPLES OF MANAGEMENT,,,,,,,,
Register No,Course Code (Grade),,,,,,,,
LMAC15ME127,ME302(F), ME304(F), ME368(B), ME332(A), ME306(A), ME308(B), ME312(B+), ME334(B+),
,ME352(B),,,,,,,,
LMAC15ME128,ME302(P), ME304(P), ME368(B), ME332(A), ME306(B), ME308(P), ME312(B), ME334(A),
,ME352(P),,,,,,,,
LMAC15ME129,ME302(FE), ME304(F), ME368(B), ME332(B), ME306(B+), ME308(F), ME312(C), ME334(C),
,ME352(C),,,,,,,,
LMAC15ME130,ME302(F), ME304(B), ME368(B), ME332(B+), ME306(B+), ME308(B), ME312(B), ME334(A),
,ME352(B),,,,,,,,
LMAC15ME131,ME302(F), ME304(F), ME368(B), ME332(A), ME306(C), ME308(F), ME312(B+), ME334(B+),
,ME352(B),,,,,,,,
LMAC15ME132,ME302(F), ME304(F), ME368(B), ME332(A), ME306(B+), ME308(C), ME312(B+), ME334(B+),
,ME352(B),,,,,,,,
LMAC15ME133,ME302(F), ME304(F), ME368(C), ME332(B+), ME306(C), ME308(F), ME312(B), ME334(A),
,ME352(C),,,,,,,,
LMAC15ME134,ME302(F), ME304(B), ME368(B+), ME332(A), ME306(B+), ME308(B), ME312(B+), ME334(A),
,ME352(B),,,,,,,,
LMAC15ME135,ME302(F), ME304(C), ME368(B), ME332(B+), ME306(A), ME308(B), ME312(B+), ME334(A),
,ME352(C),,,,,,,,
LMAC15ME136,HS300(B+), ME302(F), ME304(C), ME332(A), ME372(C), ME306(B+), ME308(P), ME312(B+),
,ME334(A), ME352(B),,,,,,,
LMAC15ME137,ME302(F), ME304(B+), ME368(B+), ME332(A+), ME306(O), ME308(B+), ME312(O), ME334(A),
,ME352(C),,,,,,,,
LMAC15ME138,ME302(F), ME304(B), ME368(B), ME332(A+), ME306(A), ME308(B), ME312(A), ME334(A),
,ME352(B),,,,,,,,
MAC15CE009,ME302(C), ME304(B), ME332(B), ME372(B+), ME306(B+), ME308(C), ME312(B+), ME334(B+),
MAC15EC022,ME302(B+), ME304(B), ME368(A), ME332(A+), ME306(O), ME308(A), ME312(A+), ME334(A+),
MAC15EC102,ME302(B), ME304(A+), ME374(B+), ME332(A+), ME306(O), ME308(B+), ME312(O), ME334(A),
MAC15ME001,ME302(F), ME304(F), ME374(C), ME332(A+), ME306(B+), ME308(C), ME312(B), ME334(A+),
MAC15ME002,ME302(F), ME304(F), ME368(C), ME332(B+), ME306(B), ME308(C), ME312(C), ME334(B+),
MAC15ME003,ME302(B+), ME304(B+), ME374(B), ME332(B+), ME306(B+), ME308(B+), ME312(B+), ME334(A),
MAC15ME004,HS300(Absent), ME302(FE), ME304(Absent), ME368(Absent), ME332(C), ME306(Absent),,,
MAC15ME005,ME302(C), ME304(P), ME332(B+), ME372(C), ME306(B+), ME308(C), ME312(B), ME334(A),
MAC15ME006,ME302(F), ME304(F), ME374(C), ME332(A), ME306(C), ME308(C), ME312(B+), ME334(A+),
MAC15ME007,ME302(F), ME304(B), ME332(A), ME372(B), ME306(B+), ME308(B), ME312(B+), ME334(A),
MAC15ME008,ME302(F), ME304(C), ME368(C), ME332(A), ME306(C), ME308(P), ME312(B), ME334(B+),
MAC15ME009,ME302(FE), ME304(F), ME368(C), ME332(C), ME306(FE), ME308(FE), ME312(FE), ME334(C),
MAC15ME010,ME302(B+), ME304(B), ME332(O), ME372(B+), ME306(O), ME308(B+), ME312(A+), ME334(A),
MAC15ME011,ME302(B+), ME304(B), ME332(B+), ME372(B+), ME306(A+), ME308(B), ME312(A+), ME334(A),
MAC15ME012,ME302(F), ME304(C), ME374(C), ME332(B+), ME306(B), ME308(B), ME312(B), ME334(A+),
MAC15ME013,ME302(C), ME304(C), ME332(C), ME372(B), ME306(A+), ME308(C), ME312(B+), ME334(A),
MAC15ME014,ME302(F), ME304(C), ME332(B), ME372(C), ME306(C), ME308(C), ME312(C), ME334(A),
MAC15ME015,ME302(C), ME304(F), ME332(B+), ME372(C), ME306(B+), ME308(C), ME312(A), ME334(A),
MAC15ME016,ME302(F), ME304(Absent), ME368(P), ME332(C), ME306(Absent), ME308(FE), ME312(F),,
MAC15ME017,ME302(B), ME304(B+), ME374(A+), ME332(B+), ME306(A+), ME308(B+), ME312(O),,
MAC15ME018,ME302(C), ME304(C), ME332(B), ME372(A), ME306(B+), ME308(B+), ME312(A), ME334(B+),
MAC15ME019,ME302(FE), ME304(F), ME332(B), ME372(F), ME306(C), ME308(C), ME312(FE), ME334(B+),
MAC15ME020,ME302(F), ME304(F), ME374(F), ME332(A+), ME306(B+), ME308(C), ME312(B), ME334(A+),
MAC15ME021,ME302(F), ME304(F), ME374(F), ME332(B), ME306(C), ME308(F), ME312(B), ME334(B+),
MAC15ME022,ME302(F), ME304(F), ME368(B), ME332(B+), ME306(F), ME308(C), ME312(C), ME334(B+),
MAC15ME023,ME302(B), ME304(B), ME374(B+), ME332(O), ME306(A+), ME308(B+), ME312(A), ME334(O),
MAC15ME024,ME302(B), ME304(B+), ME374(A+), ME332(O), ME306(A+), ME308(A+), ME312(A+),,
MAC15ME025,ME302(C), ME304(C), ME332(B), ME372(B), ME306(B+), ME308(C), ME312(B+), ME334(B),
MAC15ME027,ME302(B), ME304(B), ME332(O), ME372(A+), ME306(A+), ME308(B+), ME312(A+), ME334(A),
MAC15ME028,ME302(FE), ME304(C), ME332(B+), ME372(FE), ME306(B), ME308(FE), ME312(FE), ME334(C),
MAC15ME029,ME302(A), ME304(B+), ME374(O), ME332(O), ME306(O), ME308(O), ME312(O), ME334(A),
MAC15ME030,ME302(B), ME304(C), ME374(B), ME332(O), ME306(A), ME308(B+), ME312(A), ME334(A+),
MAC15ME031,ME302(C), ME304(B), ME374(B+), ME332(B+), ME306(B+), ME308(B+), ME312(A), ME334(A+),
MAC15ME032,ME302(B+), ME304(B), ME374(C), ME332(O), ME306(B+), ME308(B), ME312(B+), ME334(A),
MAC15ME033,ME302(C), ME304(F), ME332(B+), ME372(A), ME306(B+), ME308(B+), ME312(A), ME334(B+),
MAC15ME034,ME302(P), ME304(C), ME332(B+), ME372(C), ME306(C), ME308(F), ME312(F), ME334(B+),
MAC15ME035,ME302(C), ME304(B), ME374(F), ME332(B+), ME306(B), ME308(C), ME312(B), ME334(B+),
MAC15ME036,ME302(F), ME304(C), ME332(B+), ME372(C), ME306(B), ME308(B), ME312(B+), ME334(A),
MAC15ME037,ME302(C), ME304(B), ME374(F), ME332(B+), ME306(B+), ME308(C), ME312(B+), ME334(A),
MAC15ME038,ME302(B+), ME304(B), ME374(B+), ME332(O), ME306(O), ME308(A), ME312(A+), ME334(O),
MAC15ME039,ME302(F), ME304(B), ME374(C), ME332(A+), ME306(B+), ME308(B), ME312(B), ME334(B+),
MAC15ME040,ME302(F), ME304(F), ME368(P), ME332(B), ME306(C), ME308(F), ME312(P), ME334(A),
MAC15ME041,ME302(F), ME304(B), ME368(B+), ME332(B+), ME306(B+), ME308(B), ME312(F), ME334(B+),
MAC15ME042,ME302(C), ME304(F), ME368(C), ME332(A+), ME306(B), ME308(F), ME312(B), ME334(B+),
MAC15ME043,ME302(C), ME304(B), ME368(B+), ME332(B+), ME306(A), ME308(B+), ME312(B+), ME334(A),
MAC15ME044,ME302(F), ME304(F), ME374(C), ME332(B+), ME306(B+), ME308(C), ME312(B+), ME334(B+),
MAC15ME045,ME302(B), ME304(B), ME374(A), ME332(O), ME306(A+), ME308(B+), ME312(O), ME334(O),
MAC15ME046,ME302(B), ME304(C), ME368(A), ME332(A+), ME306(A), ME308(C), ME312(A+), ME334(O),
MAC15ME047,ME302(F), ME304(C), ME368(B+), ME332(B+), ME306(B+), ME308(B), ME312(B), ME334(A),
MAC15ME048,ME302(C), ME304(B), ME374(C), ME332(O), ME306(B+), ME308(B), ME312(B+), ME334(A+),
MAC15ME049,ME302(F), ME304(P), ME332(C), ME372(P), ME306(B), ME308(F), ME312(B), ME334(B+),
MAC15ME050,ME302(A+), ME304(O), ME374(A), ME332(O), ME306(A+), ME308(A+), ME312(O), ME334(O),
MAC15ME051,ME302(C), ME304(F), ME368(P), ME332(A+), ME306(B), ME308(C), ME312(F), ME334(B+),
MAC15ME052,ME302(C), ME304(B+), ME374(B+), ME332(O), ME306(A+), ME308(A+), ME312(A), ME334(O),
MAC15ME053,ME302(F), ME304(F), ME368(C), ME332(C), ME306(B), ME308(B), ME312(B+), ME334(B+),
MAC15ME054,ME302(F), ME304(F), ME368(P), ME332(B+), ME306(C), ME308(F), ME312(B), ME334(B),
MAC15ME055,ME302(B), ME304(B+), ME374(B+), ME332(B), ME306(A), ME308(B), ME312(B+), ME334(A+),
MAC15ME056,ME302(B+), ME304(A), ME374(B+), ME332(O), ME306(O), ME308(A), ME312(A), ME334(B+),
MAC15ME057,ME302(F), ME304(C), ME332(B+), ME372(C), ME306(B), ME308(B), ME312(B+), ME334(A),
MAC15ME058,ME302(B), ME304(B+), ME374(C), ME332(A), ME306(A+), ME308(B+), ME312(B), ME334(A),
MAC15ME059,ME302(FE), ME304(F), ME332(C), ME372(F), ME306(FE), ME308(FE), ME312(F), ME334(B+),
MAC15ME060,ME302(P), ME304(B), ME332(B+), ME372(B), ME306(B+), ME308(B), ME312(B+), ME334(A),
MAC15ME061,ME302(B+), ME304(B+), ME332(O), ME372(A+), ME306(O), ME308(A+), ME312(O), ME334(A),
MAC15ME062,ME302(C), ME304(B), ME374(B), ME332(B+), ME306(B+), ME308(B+), ME312(B), ME334(A),
MAC15ME063,ME302(B), ME304(B+), ME368(B+), ME332(O), ME306(A+), ME308(B+), ME312(O), ME334(A),
MAC15ME064,ME302(B+), ME304(F), ME332(A+), ME372(B), ME306(B+), ME308(B), ME312(B+), ME334(A),
MAC15ME065,ME302(F), ME304(F), ME374(F), ME332(A+), ME306(B), ME308(F), ME312(B), ME334(A+),
MAC15ME066,ME302(F), ME304(F), ME368(B), ME332(B+), ME306(B), ME308(B), ME312(B), ME334(A),
MAC15ME067,ME302(B), ME304(B+), ME332(O), ME372(A+), ME306(O), ME308(A), ME312(A+), ME334(A),
MAC15ME068,ME302(C), ME304(B), ME374(C), ME332(C), ME306(B+), ME308(C), ME312(B+), ME334(B+),
MAC15ME069,HS300(B), ME302(B), ME304(B), ME368(F), ME332(B+), ME306(B), ME308(B), ME312(B),
MAC15ME070,ME302(B), ME304(B+), ME332(A+), ME372(O), ME306(A+), ME308(A), ME312(A+), ME334(O),
MAC15ME071,ME302(B), ME304(C), ME368(C), ME332(A+), ME306(B+), ME308(B), ME312(B), ME334(B+),
MAC15ME072,ME302(B), ME304(B), ME374(B), ME332(B+), ME306(B+), ME308(B), ME312(A), ME334(A),
MAC15ME073,ME302(B+), ME304(A), ME374(B+), ME332(A+), ME306(B+), ME308(B), ME312(A+), ME334(B+),
MAC15ME074,ME302(B), ME304(B+), ME332(B), ME372(B+), ME306(A), ME308(B), ME312(B+), ME334(A),
MAC15ME075,ME302(B+), ME304(A), ME368(B), ME332(A+), ME306(B+), ME308(B), ME312(A), ME334(A+),
MAC15ME076,ME302(C), ME304(F), ME332(B+), ME372(B), ME306(C), ME308(F), ME312(B), ME334(A),
MAC15ME078,ME302(F), ME304(F), ME332(B+), ME372(B), ME306(B+), ME308(C), ME312(C), ME334(A),
MAC15ME079,ME302(B), ME304(B), ME374(B), ME332(A), ME306(A+), ME308(B+), ME312(B+), ME334(A+),
MAC15ME080,ME302(B), ME304(B), ME374(B+), ME332(O), ME306(B+), ME308(B+), ME312(A+), ME334(A),
MAC15ME081,ME302(C), ME304(C), ME332(A), ME372(B+), ME306(A+), ME308(B+), ME312(A), ME334(A),
MAC15ME082,ME302(F), ME304(C), ME332(B+), ME372(A+), ME306(B+), ME308(B), ME312(B+), ME334(A+),
MAC15ME083,ME302(C), ME304(C), ME332(A), ME372(B), ME306(C), ME308(C), ME312(B+), ME334(A+),
MAC15ME084,ME302(F), ME304(F), ME374(F), ME332(B+), ME306(C), ME308(F), ME312(C), ME334(B),
MAC15ME085,ME302(C), ME304(B), ME332(O), ME372(B+), ME306(B+), ME308(B+), ME312(B+), ME334(B+),
MAC15ME086,ME302(B+), ME304(B), ME332(B), ME372(B+), ME306(A), ME308(C), ME312(A), ME334(A),
MAC15ME087,ME302(B), ME304(F), ME368(B), ME332(A), ME306(C), ME308(C), ME312(B), ME334(A),
MAC15ME088,ME302(C), ME304(C), ME332(B+), ME372(B), ME306(A), ME308(B+), ME312(B+), ME334(A),
MAC15ME089,ME302(F), ME304(B), ME374(B), ME332(A), ME306(B), ME308(B), ME312(B+), ME334(B+),
MAC15ME090,ME302(P), ME304(F), ME368(C), ME332(A), ME306(B+), ME308(C), ME312(B+), ME334(B+),
MAC15ME091,ME302(C), ME304(C), ME368(B), ME332(A), ME306(B+), ME308(C), ME312(A+), ME334(A+),
MAC15ME092,ME302(F), ME304(F), ME332(B), ME372(B), ME306(B), ME308(C), ME312(C), ME334(B+),
MAC15ME093,ME302(C), ME304(B), ME374(C), ME332(A), ME306(B+), ME308(B), ME312(B+), ME334(A),
MAC15ME094,ME302(B), ME304(B+), ME332(B+), ME372(B+), ME306(A+), ME308(B), ME312(O), ME334(A),
MAC15ME095,ME302(C), ME304(C), ME332(B+), ME372(A), ME306(A+), ME308(B+), ME312(B+), ME334(A),
MAC15ME096,ME302(C), ME304(B+), ME332(B+), ME372(B+), ME306(A+), ME308(C), ME312(B+), ME334(A),
MAC15ME097,ME302(C), ME304(B), ME374(C), ME332(B+), ME306(B), ME308(B), ME312(B), ME334(A),
MAC15ME098,ME302(P), ME304(F), ME332(B+), ME372(C), ME306(B+), ME308(C), ME312(B+), ME334(A),
MAC15ME099,ME302(C), ME304(B), ME332(B+), ME372(B+), ME306(B+), ME308(C), ME312(A+), ME334(B+),
MAC15ME101,ME302(B), ME304(B+), ME332(O), ME372(B+), ME306(A+), ME308(B+), ME312(B+),,
MAC15ME102,ME302(F), ME304(C), ME368(B), ME332(A), ME306(B), ME308(B), ME312(B), ME334(A),
MAC15ME103,ME302(F), ME304(F), ME368(B), ME332(B+), ME306(B+), ME308(C), ME312(B+), ME334(A),
MAC15ME104,ME302(B), ME304(B+), ME332(B+), ME372(A), ME306(A), ME308(B+), ME312(B+), ME334(B+),
MAC15ME105,HS300(C), ME302(FE), ME304(F), ME368(P), ME332(C), ME306(FE), ME308(F), ME312(F),
MAC15ME106,HS300(F), ME302(F), ME304(F), ME368(C), ME332(B+), ME306(B+), ME308(FE), ME312(B),
MAC15ME107,ME302(B), ME304(B), ME368(A), ME332(A), ME306(A+), ME308(B+), ME312(A), ME334(A+),
MAC15ME109,ME302(F), ME304(C), ME374(C), ME332(B+), ME306(B), ME308(C), ME312(C), ME334(B+),
MAC15ME110,ME302(B), ME304(B), ME374(B), ME332(A), ME306(A), ME308(C), ME312(A+), ME334(A),
MAC15ME111,ME302(C), ME304(B), ME332(B+), ME372(B), ME306(B+), ME308(C), ME312(B+), ME334(A),
MAC15ME112,ME302(F), ME304(C), ME368(B), ME332(B+), ME306(B), ME308(C), ME312(A), ME334(A),
MAC15ME113,ME302(F), ME304(C), ME332(O), ME372(B+), ME306(A), ME308(B), ME312(B+), ME334(A+),
MAC15ME114,ME302(B), ME304(B+), ME332(B+), ME372(B+), ME306(A), ME308(B+), ME312(O), ME334(A),
MAC15ME115,ME302(C), ME304(B+), ME332(A), ME372(B+), ME306(B+), ME308(B+), ME312(A), ME334(B+),
MAC15ME117,ME302(F), ME304(C), ME368(B+), ME332(A), ME306(A), ME308(B), ME312(B+), ME334(B+),
MAC15ME118,ME302(B), ME304(F), ME332(B), ME372(B), ME306(B+), ME308(B), ME312(A+), ME334(B+),
MAC15ME119,ME302(F), ME304(F), ME368(C), ME332(B+), ME306(C), ME308(C), ME312(C), ME334(B+),
MAC15ME120,ME302(B), ME304(B), ME332(A), ME372(A), ME306(A+), ME308(B+), ME312(O), ME334(A),
MAC15ME121,ME302(B+), ME304(A+), ME332(B+), ME372(B+), ME306(O), ME308(B+), ME312(A+),,
MAC15ME122,ME302(C), ME304(C), ME374(B), ME332(A), ME306(B+), ME308(B+), ME312(B+), ME334(A+),
MAC15ME123,ME302(B), ME304(B), ME332(A), ME372(B+), ME306(A), ME308(B+), ME312(B), ME334(A),
MAC15ME124,ME302(F), ME304(C), ME332(A), ME372(B+), ME306(B), ME308(B+), ME312(B), ME334(B+),
MAC15ME125,ME302(B), ME304(B+), ME368(B+), ME332(A), ME306(A), ME308(B), ME312(B+), ME334(A+),
MAC15ME126,ME302(F), ME304(B), ME368(A), ME332(A), ME306(A+), ME308(B+), ME312(B+), ME334(A+),
ELECTRICAL AND ELECTRONICS ENGINEERING[Full Time],,,,,,,,,
Course Code,Course,,,,,,,,
EE306,POWER SYSTEM ANALYSIS,,,,,,,,
EE334,POWER ELECTRONICS & DRIVES LAB,,,,,,,,
EE308,ELECTRIC DRIVES,,,,,,,,
EE352,COMPREHENSIVE EXAM,,,,,,,,
HS300,PRINCIPLES OF MANAGEMENT,,,,,,,,
EE372,BIOMEDICAL INSTRUMENTATION,,,,,,,,
EE302,ELECTROMAGNETICS,,,,,,,,
EE368,SOFT COMPUTING,,,,,,,,
EE304,ADVANCED CONTROL THEORY,,,,,,,,
EE332,SYSTEMS AND CONTROL LAB,,,,,,,,
Register No,Course Code (Grade),,,,,,,,
LMAC15EE123,HS300(F), EE302(F), EE304(F), EE306(F), EE308(F), EE372(F), EE332(P), EE334(C), EE352(P)
LMAC15EE124,HS300(O), EE302(C), EE304(A), EE306(B), EE308(B+), EE372(B), EE332(O), EE334(B+),
,EE352(B),,,,,,,,
LMAC15EE125,HS300(C), EE302(C), EE304(F), EE306(C), EE308(F), EE368(B), EE332(A), EE334(B+),
,EE352(B),,,,,,,,
LMAC15EE126,HS300(B+), EE302(C), EE304(F), EE306(C), EE308(B), EE372(C), EE332(A), EE334(A),
,EE352(C),,,,,,,,
LMAC15EE127,HS300(B+), EE302(F), EE304(C), EE306(C), EE308(C), EE372(C), EE332(B), EE334(A),
,EE352(B),,,,,,,,
LMAC15EE128,HS300(B), EE302(F), EE304(F), EE306(C), EE308(F), EE372(C), EE332(C), EE334(P), EE352(C)
LMAC15EE129,HS300(A+), EE302(C), EE304(C), EE306(B), EE308(B), EE368(B), EE332(A+), EE334(B+),
,EE352(B),,,,,,,,
LMAC15EE130,HS300(B+), EE302(F), EE304(F), EE306(C), EE308(F), EE372(C), EE332(B+), EE334(B+),
,EE352(P),,,,,,,,
LMAC15EE131,HS300(A), EE302(C), EE304(B), EE306(B), EE308(C), EE368(B), EE332(A), EE334(B+),
,EE352(B),,,,,,,,
LMAC15EE132,HS300(C), EE302(F), EE304(F), EE306(F), EE308(F), EE372(F), EE332(B+), EE334(B+),
,EE352(P),,,,,,,,
LMAC15EE133,HS300(O), EE302(C), EE304(B+), EE306(C), EE308(B), EE372(B), EE332(O), EE334(A),
,EE352(B),,,,,,,,
LMAC15EE134,HS300(B), EE302(F), EE304(F), EE306(F), EE308(F), EE368(F), EE332(O), EE334(A),
,EE352(B+),,,,,,,,
MAC15EE001,HS300(A), EE302(B), EE304(C), EE306(B), EE308(B), EE372(B), EE332(B+), EE334(B+),
MAC15EE002,HS300(A+), EE302(C), EE304(C), EE306(C), EE308(C), EE368(C), EE332(A+), EE334(A),
MAC15EE003,HS300(B), EE302(P), EE304(F), EE306(F), EE308(F), EE372(P), EE332(C), EE334(B), EE352(P)
MAC15EE004,HS300(B+), EE302(C), EE304(C), EE306(F), EE308(B+), EE368(C), EE332(B), EE334(A),
MAC15EE005,HS300(A+), EE302(A), EE304(A), EE306(B+), EE308(A), EE368(B+), EE332(A+), EE334(A),
MAC15EE006,HS300(B+), EE302(C), EE304(P), EE306(F), EE308(B), EE368(C), EE332(B), EE334(C),
MAC15EE007,HS300(B+), EE302(F), EE304(B+), EE306(B+), EE308(B), EE368(B), EE332(A), EE334(B+),
MAC15EE008,HS300(B+), EE302(C), EE304(C), EE306(C), EE308(B), EE368(C), EE332(C), EE334(C),
MAC15EE009,HS300(B+), EE302(F), EE304(F), EE306(F), EE308(F), EE372(B), EE332(A+), EE334(B+),
MAC15EE010,HS300(B), EE302(C), EE304(P), EE306(F), EE308(C), EE372(C), EE332(B), EE334(B+),
MAC15EE011,HS300(A+), EE302(B), EE304(B), EE306(B), EE308(B), EE368(B+), EE332(O), EE334(B+),
MAC15EE012,HS300(O), EE302(A), EE304(A+), EE306(B+), EE308(A), EE368(B), EE332(A), EE334(B+),
MAC15EE013,HS300(B), EE302(C), EE304(C), EE306(B), EE308(B+), EE368(B), EE332(A+), EE334(A+),
MAC15EE014,HS300(B), EE302(B+), EE304(B+), EE306(B), EE308(B), EE368(B+), EE332(A), EE334(B+),
MAC15EE015,HS300(B+), EE302(B), EE304(C), EE306(P), EE308(B), EE372(B+), EE332(A), EE334(B),
MAC15EE016,HS300(C), EE302(F), EE304(F), EE306(F), EE308(F), EE368(P), EE332(C), EE334(B), EE352(P)
MAC15EE017,HS300(B), EE302(B), EE304(C), EE306(F), EE308(C), EE372(C), EE332(B+), EE334(B+),
MAC15EE018,HS300(B), EE302(C), EE304(C), EE306(F), EE308(B), EE372(C), EE332(B+), EE334(C),
MAC15EE019,HS300(B+), EE302(F), EE304(B), EE306(C), EE308(B), EE372(B+), EE332(B+), EE334(B),
MAC15EE020,HS300(B), EE302(F), EE304(F), EE306(F), EE308(F), EE372(C), EE332(P), EE334(B), EE352(B)
MAC15EE021,HS300(B), EE302(C), EE304(B), EE306(B), EE308(B), EE372(C), EE332(O), EE334(O),
MAC15EE022,HS300(C), EE302(F), EE304(F), EE306(F), EE308(B), EE372(C), EE332(B+), EE334(B),
MAC15EE023,HS300(B), EE302(F), EE304(C), EE306(C), EE308(C), EE368(C), EE332(B), EE334(B+),
MAC15EE024,HS300(C), EE302(F), EE304(F), EE306(F), EE308(F), EE372(C), EE332(P), EE334(C), EE352(P)
MAC15EE025,HS300(B), EE302(C), EE304(B), EE306(C), EE308(B), EE368(P), EE332(B+), EE334(B+),
MAC15EE026,HS300(B+), EE302(F), EE304(C), EE306(C), EE308(C), EE368(B), EE332(C), EE334(B+),
MAC15EE027,HS300(C), EE302(F), EE304(C), EE306(F), EE308(B), EE368(C), EE332(C), EE334(C), EE352(C)
MAC15EE028,HS300(C), EE302(F), EE304(F), EE306(F), EE308(F), EE368(P), EE332(B), EE334(C), EE352(C)
MAC15EE029,HS300(B), EE302(B), EE304(B), EE306(B), EE308(B+), EE368(B), EE332(O), EE334(O),
MAC15EE030,HS300(B+), EE302(B), EE304(B), EE306(B), EE308(B), EE372(C), EE332(A), EE334(B+),
MAC15EE032,HS300(B+), EE302(B+), EE304(A), EE306(B+), EE308(B+), EE368(A), EE332(O), EE334(A),
MAC15EE033,HS300(A), EE302(C), EE304(B+), EE306(C), EE308(B), EE368(B+), EE332(B+), EE334(B+),
MAC15EE034,HS300(B), EE302(C), EE304(B), EE306(F), EE308(B), EE372(C), EE332(A+), EE334(B+),
MAC15EE035,HS300(B+), EE302(A), EE304(A+), EE306(B), EE308(B+), EE368(B), EE332(O), EE334(A+),
MAC15EE036,HS300(B), EE302(C), EE304(B+), EE306(B), EE308(B), EE368(B+), EE332(A+), EE334(B),
MAC15EE037,HS300(B), EE302(F), EE304(B+), EE306(P), EE308(B), EE368(P), EE332(B+), EE334(B+),
MAC15EE038,HS300(O), EE302(B+), EE304(A), EE306(B+), EE308(B+), EE372(B+), EE332(A+), EE334(A),
MAC15EE039,HS300(C), EE302(F), EE304(C), EE306(F), EE308(B), EE368(C), EE332(C), EE334(P), EE352(B)
MAC15EE040,HS300(B), EE302(F), EE304(F), EE306(F), EE308(C), EE372(C), EE332(C), EE334(B), EE352(P)
MAC15EE041,HS300(B), EE302(F), EE304(C), EE306(C), EE308(F), EE372(C), EE332(B+), EE334(B),
MAC15EE042,HS300(B), EE302(B), EE304(A), EE306(B), EE308(B), EE368(B), EE332(O), EE334(B+),
MAC15EE043,HS300(B+), EE302(F), EE304(B), EE306(F), EE308(C), EE368(C), EE332(B+), EE334(B),
MAC15EE044,HS300(A), EE302(B+), EE304(A+), EE306(B+), EE308(B+), EE368(B+), EE332(O), EE334(A+),
MAC15EE046,HS300(A+), EE302(B), EE304(B+), EE306(B), EE308(C), EE368(B), EE332(A+), EE334(B+),
MAC15EE048,HS300(A), EE302(B), EE304(B+), EE306(F), EE308(F), EE368(C), EE332(A+), EE334(B+),
MAC15EE049,HS300(B+), EE302(C), EE304(B), EE306(F), EE308(C), EE372(C), EE332(B+), EE334(B),
MAC15EE050,HS300(B), EE302(F), EE304(B+), EE306(C), EE308(B), EE372(B+), EE332(O), EE334(B),
MAC15EE051,HS300(B+), EE302(A), EE304(A), EE306(B), EE308(C), EE372(B), EE332(B+), EE334(B),
MAC15EE052,HS300(B+), EE302(C), EE304(B+), EE306(B), EE308(C), EE368(B), EE332(O), EE334(B+),
MAC15EE053,HS300(B+), EE302(B+), EE304(B+), EE306(B), EE308(C), EE372(B+), EE332(B+), EE334(A+),
MAC15EE054,HS300(B+), EE302(B), EE304(B), EE306(F), EE308(F), EE368(C), EE332(A+), EE334(B+),
MAC15EE055,HS300(P), EE302(F), EE304(F), EE306(F), EE308(F), EE372(F), EE332(B), EE334(C), EE352(P)
MAC15EE056,HS300(O), EE302(B), EE304(B+), EE306(C), EE308(B), EE368(B+), EE332(A+), EE334(A),
MAC15EE057,HS300(O), EE302(B+), EE304(A+), EE306(B), EE308(B+), EE368(A+), EE332(O), EE334(O),
MAC15EE058,HS300(C), EE302(F), EE304(P), EE306(F), EE308(F), EE372(C), EE332(B+), EE334(P),
MAC15EE059,HS300(B), EE302(B), EE304(F), EE306(F), EE308(F), EE372(C), EE332(B+), EE334(B),
MAC15EE060,HS300(A+), EE302(B), EE304(B), EE306(C), EE308(F), EE368(B+), EE332(O), EE334(O),
MAC15EE061,HS300(A+), EE302(B), EE304(B), EE306(B), EE308(B), EE368(B), EE332(B), EE334(B),
MAC15EE062,HS300(B+), EE302(B), EE304(A+), EE306(B+), EE308(B), EE368(B+), EE332(O), EE334(A+),
MAC15EE063,HS300(B+), EE302(F), EE304(A), EE306(B+), EE308(B+), EE368(B+), EE332(A), EE334(A),
MAC15EE064,HS300(A+), EE302(B), EE304(B), EE306(B), EE308(B), EE368(B+), EE332(A+), EE334(B+),
MAC15EE065,HS300(B), EE302(B), EE304(B), EE306(C), EE308(B), EE368(B), EE332(A+), EE334(A),
MAC15EE066,HS300(B+), EE302(F), EE304(B+), EE306(B), EE308(C), EE368(B), EE332(A+), EE334(B+),
MAC15EE067,HS300(B), EE302(C), EE304(B+), EE306(B), EE308(F), EE368(C), EE332(A+), EE334(B),
MAC15EE068,HS300(B+), EE302(C), EE304(B), EE306(F), EE308(F), EE368(C), EE332(B+), EE334(B+),
MAC15EE069,HS300(F), EE302(F), EE304(F), EE306(F), EE308(F), EE368(F), EE332(B), EE334(C), EE352(B)
MAC15EE070,HS300(A), EE302(B), EE304(A+), EE306(B+), EE308(C), EE368(A), EE332(A+), EE334(A),
MAC15EE071,HS300(B), EE302(F), EE304(F), EE306(F), EE308(F), EE372(C), EE332(B), EE334(B), EE352(P)
MAC15EE073,HS300(A+), EE302(A+), EE304(B+), EE306(B), EE308(B), EE372(B+), EE332(A), EE334(B+),
MAC15EE074,HS300(Absent), EE302(F), EE304(B), EE306(P), EE308(F), EE372(P), EE332(B+), EE334(B),
MAC15EE075,HS300(C), EE302(F), EE304(F), EE306(F), EE308(F), EE368(P), EE332(A), EE334(C), EE352(C)
MAC15EE076,HS300(A+), EE302(B), EE304(B+), EE306(C), EE308(C), EE372(B), EE332(A+), EE334(B+),
MAC15EE077,HS300(C), EE302(C), EE304(B), EE306(C), EE308(C), EE368(P), EE332(B), EE334(B+),
MAC15EE078,HS300(B+), EE302(C), EE304(B+), EE306(B), EE308(F), EE372(B+), EE332(A+), EE334(B+),
MAC15EE079,HS300(O), EE302(B+), EE304(A), EE306(B), EE308(B), EE368(A+), EE332(O), EE334(B+),
MAC15EE080,HS300(B+), EE302(C), EE304(A), EE306(B+), EE308(F), EE372(B+), EE332(A+), EE334(B+),
MAC15EE081,HS300(A+), EE302(F), EE304(B), EE306(C), EE308(F), EE368(B), EE332(A+), EE334(B+),
MAC15EE082,HS300(B), EE302(F), EE304(B), EE306(C), EE308(B+), EE372(B), EE332(A+), EE334(B+),
MAC15EE083,HS300(C), EE302(F), EE304(F), EE306(C), EE308(B), EE368(C), EE332(B+), EE334(B+),
MAC15EE084,HS300(B), EE302(B+), EE304(A+), EE306(A), EE308(B), EE372(B+), EE332(O), EE334(O),
MAC15EE085,HS300(C), EE302(C), EE304(B), EE306(P), EE308(C), EE372(B), EE332(B), EE334(C),
MAC15EE086,HS300(C), EE302(F), EE304(P), EE306(F), EE308(F), EE368(F), EE332(B+), EE334(C),
MAC15EE087,HS300(C), EE302(C), EE304(B), EE306(P), EE308(C), EE372(C), EE332(A), EE334(B+),
MAC15EE088,HS300(F), EE302(F), EE304(C), EE306(F), EE308(F), EE372(P), EE332(B), EE334(A), EE352(C)
MAC15EE089,HS300(B+), EE302(F), EE304(B), EE306(C), EE308(B), EE372(B), EE332(B+), EE334(B),
MAC15EE090,HS300(B+), EE302(F), EE304(B), EE306(B), EE308(F), EE372(C), EE332(B+), EE334(B+),
MAC15EE091,HS300(B+), EE302(C), EE304(B), EE306(B), EE308(B), EE372(B), EE332(B+), EE334(A+),
MAC15EE092,HS300(A+), EE302(B+), EE304(B+), EE306(C), EE308(C), EE372(B), EE332(B+), EE334(B+),
MAC15EE093,HS300(B+), EE302(F), EE304(B), EE306(F), EE308(F), EE368(B+), EE332(A), EE334(B),
MAC15EE094,HS300(B+), EE302(C), EE304(B+), EE306(C), EE308(B), EE372(B+), EE332(A), EE334(B+),
MAC15EE095,HS300(F), EE302(F), EE304(Absent), EE306(Absent), EE308(F), EE372(F), EE332(B+),,
MAC15EE096,HS300(A+), EE302(B+), EE304(A+), EE306(B), EE308(A+), EE368(A+), EE332(O), EE334(O),
MAC15EE097,HS300(B+), EE302(B), EE304(B+), EE306(F), EE308(C), EE372(C), EE332(A), EE334(B),
MAC15EE098,HS300(A+), EE302(B+), EE304(B+), EE306(B+), EE308(B), EE372(B+), EE332(B+), EE334(A),
MAC15EE099,HS300(O), EE302(B+), EE304(B), EE306(F), EE308(B), EE368(B+), EE332(O), EE334(A),
MAC15EE100,HS300(B), EE302(F), EE304(Absent), EE306(F), EE308(Absent), EE372(C), EE332(B+),,
MAC15EE101,HS300(O), EE302(B), EE304(B), EE306(C), EE308(B), EE372(B+), EE332(A), EE334(A),
MAC15EE102,HS300(A), EE302(C), EE304(C), EE306(F), EE308(F), EE368(B+), EE332(O), EE334(O),
MAC15EE103,HS300(B+), EE302(B), EE304(B), EE306(B), EE308(F), EE368(C), EE332(A+), EE334(A),
MAC15EE104,HS300(O), EE302(B), EE304(B+), EE306(B), EE308(B), EE372(B+), EE332(A), EE334(B+),
MAC15EE105,HS300(A+), EE302(A), EE304(B+), EE306(C), EE308(B), EE368(C), EE332(A+), EE334(B+),
MAC15EE106,HS300(A), EE302(B), EE304(C), EE306(F), EE308(C), EE368(B), EE332(O), EE334(B+),
MAC15EE107,HS300(B+), EE302(B), EE304(B+), EE306(C), EE308(B), EE372(C), EE332(A+), EE334(B+),
MAC15EE108,HS300(B), EE302(C), EE304(F), EE306(F), EE308(F), EE368(C), EE332(O), EE334(A), EE352(C)
MAC15EE109,HS300(B), EE302(F), EE304(F), EE306(F), EE308(F), EE372(B), EE332(A+), EE334(B+),
MAC15EE110,HS300(A), EE302(C), EE304(F), EE306(F), EE308(F), EE372(B), EE332(A), EE334(B+),
MAC15EE111,HS300(A), EE302(C), EE304(C), EE306(F), EE308(F), EE368(C), EE332(O), EE334(B+),
MAC15EE112,HS300(F), EE302(F), EE304(F), EE306(F), EE308(F), EE372(P), EE332(B), EE334(P), EE352(C)
MAC15EE113,HS300(B+), EE302(B+), EE304(A+), EE306(B+), EE308(B), EE368(B+), EE332(O), EE334(A+),
MAC15EE114,HS300(B+), EE302(B), EE304(B), EE306(C), EE308(F), EE368(C), EE332(O), EE334(B+),
MAC15EE115,HS300(B), EE302(B), EE304(B), EE306(B), EE308(B), EE368(B+), EE332(O), EE334(A),
MAC15EE116,HS300(A), EE302(B+), EE304(A+), EE306(A+), EE308(B+), EE368(B+), EE332(O), EE334(A),
MAC15EE117,HS300(B+), EE302(C), EE304(C), EE306(C), EE308(C), EE372(B), EE332(A+), EE334(B),
MAC15EE118,HS300(C), EE302(F), EE304(F), EE306(F), EE308(F), EE372(C), EE332(A+), EE334(B),
MAC15EE119,HS300(B), EE302(F), EE304(F), EE306(C), EE308(B), EE372(C), EE332(A), EE334(B), EE352(F)
MAC15EE120,HS300(B+), EE302(F), EE304(F), EE306(F), EE308(F), EE368(B), EE332(A), EE334(B),
MAC15EE121,HS300(B), EE302(F), EE304(F), EE306(F), EE308(F), EE368(P), EE332(A+), EE334(B+),
,EE352(C),,,,,,,,
MAC15EE122,HS300(B), EE302(B+), EE304(B), EE306(B), EE308(C), EE368(C), EE332(O), EE334(A+),
,EE352(B),,,,,,,,
,ELECTRONICS & COMMUNICATION ENGG[Full Time],,,,,,,,
,Course Code Course,,,,,,,,
EC306,ANTENNA & WAVE PROPAGATION,,,,,,,,
EC334,MICROCONTROLLER LAB,,,,,,,,
EC308,EMBEDDED SYSTEMS,,,,,,,,
EC352,COMPREHENSIVE EXAM,,,,,,,,
EC312,OBJECT ORIENTED PROGRAMMING,,,,,,,,
EC370,DIGITAL IMAGE PROCESSING,,,,,,,,
EC302,DIGITAL COMMUNICATION,,,,,,,,
EC366,REAL TIME OPERATING SYSTEMS,,,,,,,,
HS300,PRINCIPLES OF MANAGEMENT,,,,,,,,
EC304,VLSI,,,,,,,,
EC332,COMMUNICATION ENGG LAB (ANALOG & DIGITAL),,,,,,,,
Register No,Course Code (Grade),,,,,,,,
LMAC15EC129,EC302(FE), EC304(FE), EC306(FE), EC308(FE), EC312(FE), EC366(FE), EC332(B+), EC334(C),
,EC352(Absent),,,,,,,,
LMAC15EC130,EC302(FE), EC304(FE), EC306(F), EC308(F), EC312(F), EC366(F), EC332(B), EC334(B),
,EC352(C),,,,,,,,
LMAC15EC131,EC370(C), EC302(F), EC304(B), EC306(F), EC308(B), EC312(C), EC332(B+), EC334(B+),
,EC352(C),,,,,,,,
LMAC15EC133,EC370(B), EC302(F), EC304(B+), EC306(C), EC308(B), EC312(F), EC332(B+), EC334(B+),
,EC352(P),,,,,,,,
LMAC15EC134,EC302(F), EC304(B), EC306(C), EC308(B+), EC312(C), EC366(C), EC332(A), EC334(A),
,EC352(B),,,,,,,,
LMAC15EC135,EC302(C), EC304(B+), EC306(C), EC308(B+), EC312(B), EC366(B), EC332(A), EC334(A),
,EC352(C),,,,,,,,
LMAC15EC136,EC302(F), EC304(B+), EC306(C), EC308(C), EC312(C), EC366(B), EC332(B+), EC334(B+),
,EC352(P),,,,,,,,
LMAC15EC137,EC302(F), EC304(C), EC306(FE), EC308(C), EC312(C), EC366(P), EC332(A), EC334(B),
LMAC15EC138,EC302(F), EC304(B), EC306(FE), EC308(C), EC312(F), EC366(F), EC332(B), EC334(B+),
LMAC15EC139,EC302(F), EC304(B), EC306(F), EC308(F), EC312(F), EC366(F), EC332(B), EC334(B+),
MAC15EC001,EC370(C), EC302(F), EC304(B), EC306(F), EC308(B), EC312(F), EC332(A+), EC334(B+),
MAC15EC002,EC302(B), EC304(B+), EC306(C), EC308(B), EC312(B), EC366(B), EC332(O), EC334(O),
MAC15EC003,EC370(B), EC302(C), EC304(B), EC306(B), EC308(B), EC312(C), EC332(B+), EC334(B+),
MAC15EC004,EC370(FE), EC302(FE), EC304(FE), EC306(FE), EC308(FE), EC312(F), EC332(B), EC334(B),
MAC15EC005,EC370(FE), EC302(C), EC304(B), EC306(FE), EC308(FE), EC312(C), EC332(B), EC334(B),
MAC15EC006,EC302(F), EC304(B), EC306(P), EC308(P), EC312(B), EC366(C), EC332(B+), EC334(B+),
MAC15EC007,EC370(B+), EC302(B+), EC304(A+), EC306(B+), EC308(A+), EC312(B), EC332(B+), EC334(A+),
MAC15EC008,EC302(F), EC304(P), EC306(F), EC308(F), EC312(F), EC366(F), EC332(B), EC334(B), EC352(F)
MAC15EC009,EC370(F), EC302(F), EC304(B), EC306(B), EC308(F), EC312(P), EC332(B+), EC334(B+),
MAC15EC010,EC370(F), EC302(C), EC304(B+), EC306(C), EC308(B+), EC312(B), EC332(B+), EC334(A),
MAC15EC011,EC302(C), EC304(B), EC306(B), EC308(B+), EC312(F), EC366(B), EC332(B+), EC334(A),
MAC15EC012,EC370(B+), EC302(B), EC304(A+), EC306(B), EC308(A), EC312(B), EC332(A+), EC334(B+),
MAC15EC013,EC302(B), EC304(B), EC306(B), EC308(B+), EC312(C), EC366(B+), EC332(B+), EC334(B),
MAC15EC014,EC370(B), EC302(B), EC304(C), EC306(B), EC308(B), EC312(B+), EC332(B+), EC334(A+),
MAC15EC015,EC370(B+), EC302(A), EC304(O), EC306(A), EC308(A), EC312(B), EC332(B+), EC334(O),
MAC15EC016,EC370(C), EC302(B), EC304(B), EC306(F), EC308(B+), EC312(B), EC332(B+), EC334(B+),
MAC15EC017,EC370(F), EC302(F), EC304(C), EC306(F), EC308(C), EC312(B+), EC332(C), EC334(B+),
MAC15EC018,EC370(B), EC302(B), EC304(B+), EC306(B+), EC308(B), EC312(B), EC332(A+), EC334(A),
MAC15EC019,EC370(C), EC302(F), EC304(B), EC306(F), EC308(B), EC312(F), EC332(C), EC334(B),
MAC15EC020,EC370(B), EC302(F), EC304(B+), EC306(F), EC308(B+), EC312(C), EC332(B+), EC334(B+),
MAC15EC023,EC370(F), EC302(F), EC304(B), EC306(C), EC308(B), EC312(C), EC332(C), EC334(B+),
MAC15EC024,EC370(B), EC302(B), EC304(A), EC306(B), EC308(B), EC312(B), EC332(B+), EC334(B+),
MAC15EC025,EC302(B), EC304(A), EC306(B+), EC308(B+), EC312(C), EC366(A+), EC332(A+), EC334(A+),
MAC15EC026,EC370(A+), EC302(A+), EC304(A+), EC306(B+), EC308(A), EC312(B), EC332(B+), EC334(A+),
MAC15EC027,EC370(B+), EC302(A), EC304(B+), EC306(B+), EC308(B+), EC312(B), EC332(B+), EC334(B),
MAC15EC028,EC370(B), EC302(A), EC304(A), EC306(B+), EC308(A), EC312(B), EC332(A+), EC334(A+),
MAC15EC029,EC370(A), EC302(B+), EC304(A), EC306(B+), EC308(B+), EC312(B+), EC332(O), EC334(A+),
MAC15EC030,EC302(B+), EC304(B+), EC306(B+), EC308(A), EC312(B), EC366(B+), EC332(A), EC334(A+),
MAC15EC031,EC370(B+), EC302(B), EC304(B+), EC306(B+), EC308(B+), EC312(B), EC332(A+), EC334(B),
MAC15EC032,EC370(B), EC302(C), EC304(C), EC306(B), EC308(B), EC312(F), EC332(B), EC334(B+),
MAC15EC033,EC370(F), EC302(F), EC304(C), EC306(C), EC308(C), EC312(F), EC332(B), EC334(B+),
MAC15EC034,EC302(B+), EC304(C), EC306(B+), EC308(A), EC312(B), EC366(B+), EC332(O), EC334(A+),
MAC15EC035,EC370(F), EC302(F), EC304(F), EC306(C), EC308(F), EC312(F), EC332(B), EC334(B),
MAC15EC036,EC302(B+), EC304(B+), EC306(A), EC308(A+), EC312(A+), EC366(A+), EC332(A+), EC334(B),
MAC15EC037,EC302(B), EC304(B), EC306(B), EC308(B), EC312(F), EC366(B), EC332(B), EC334(B),
MAC15EC038,EC302(FE), EC304(F), EC306(FE), EC308(Absent), EC312(Absent), EC366(P), EC332(B+),,
MAC15EC039,EC370(C), EC302(F), EC304(C), EC306(F), EC308(C), EC312(P), EC332(B+), EC334(B),
MAC15EC040,EC370(A+), EC302(A+), EC304(A), EC306(B+), EC308(O), EC312(O), EC332(A+), EC334(O),
MAC15EC041,EC370(B+), EC302(B+), EC304(B+), EC306(B), EC308(B+), EC312(B), EC332(A+), EC334(A),
MAC15EC043,EC302(B), EC304(B+), EC306(B), EC308(O), EC312(A), EC366(A+), EC332(A), EC334(A+),
MAC15EC044,EC370(O), EC302(O), EC304(A), EC306(A+), EC308(O), EC312(O), EC332(O), EC334(O),
MAC15EC045,EC302(B), EC304(B+), EC306(B), EC308(A), EC312(A+), EC366(B+), EC332(O), EC334(B+),
MAC15EC046,EC370(B+), EC302(B+), EC304(A), EC306(A+), EC308(B+), EC312(B), EC332(B+), EC334(A),
MAC15EC047,EC370(C), EC302(FE), EC304(F), EC306(C), EC308(B), EC312(C), EC332(B), EC334(B),
MAC15EC048,EC370(FE), EC302(FE), EC304(FE), EC306(C), EC308(F), EC312(F), EC332(B), EC334(B),
MAC15EC049,EC302(C), EC304(C), EC306(C), EC308(C), EC312(C), EC366(C), EC332(B+), EC334(B+),
MAC15EC051,EC370(FE), EC302(FE), EC304(FE), EC306(F), EC308(F), EC312(F), EC332(B), EC334(B),
MAC15EC052,EC370(F), EC302(F), EC304(B), EC306(C), EC308(F), EC312(C), EC332(B+), EC334(B+),
MAC15EC053,EC370(B+), EC302(B), EC304(C), EC306(B), EC308(B), EC312(A+), EC332(B+), EC334(A+),
MAC15EC054,EC302(A+), EC304(A), EC306(A), EC308(A+), EC312(A), EC366(B+), EC332(A), EC334(A+),
MAC15EC055,EC302(B), EC304(B+), EC306(B), EC308(B+), EC312(A+), EC366(A), EC332(A), EC334(A+),
MAC15EC056,EC302(B), EC304(B), EC306(B+), EC308(A), EC312(B), EC366(B), EC332(A), EC334(B+),
MAC15EC057,EC302(C), EC304(B+), EC306(B), EC308(Absent), EC312(B), EC366(B), EC332(C), EC334(B),
MAC15EC058,EC370(F), EC302(FE), EC304(C), EC306(F), EC308(F), EC312(C), EC332(B), EC334(B+),
MAC15EC059,EC370(B), EC302(B), EC304(B+), EC306(C), EC308(B), EC312(C), EC332(A), EC334(A),
MAC15EC060,EC370(B), EC302(B), EC304(B+), EC306(C), EC308(B+), EC312(B+), EC332(B+), EC334(A+),
MAC15EC061,EC370(B), EC302(B), EC304(B), EC306(B+), EC308(B), EC312(B+), EC332(A), EC334(B+),
MAC15EC062,EC370(C), EC302(F), EC304(B), EC306(B+), EC308(B), EC312(B), EC332(B), EC334(B+),
MAC15EC063,EC370(F), EC302(FE), EC304(FE), EC306(F), EC308(F), EC312(C), EC332(B+), EC334(B),
MAC15EC064,EC370(F), EC302(F), EC304(B), EC306(F), EC308(B), EC312(B+), EC332(B+), EC334(A),
MAC15EC065,EC370(B+), EC302(B+), EC304(B), EC306(B+), EC308(A), EC312(B+), EC332(B+), EC334(B),
MAC15EC066,EC302(F), EC304(C), EC306(B), EC308(C), EC312(C), EC366(B), EC332(B+), EC334(B),
MAC15EC067,EC370(B), EC302(B), EC304(B), EC306(C), EC308(B+), EC312(B+), EC332(B+), EC334(B+),
MAC15EC068,EC302(C), EC304(C), EC306(B), EC308(B), EC312(A), EC366(B+), EC332(B), EC334(B+),
MAC15EC069,EC302(B), EC304(B+), EC306(B+), EC308(B+), EC312(B+), EC366(B+), EC332(B+), EC334(A),
MAC15EC070,EC302(A), EC304(B), EC306(B+), EC308(B+), EC312(A), EC366(B+), EC332(O), EC334(B+),
MAC15EC071,EC370(B), EC302(F), EC304(B), EC306(B), EC308(C), EC312(C), EC332(B), EC334(B+),
MAC15EC072,EC370(A), EC302(A+), EC304(B+), EC306(A), EC308(B+), EC312(O), EC332(O), EC334(A),
MAC15EC073,EC370(A), EC302(B+), EC304(B+), EC306(A), EC308(A+), EC312(B+), EC332(B+), EC334(A+),
MAC15EC074,EC302(FE), EC304(F), EC306(P), EC308(C), EC312(B), EC366(B), EC332(B), EC334(C),
MAC15EC075,EC302(FE), EC304(FE), EC306(FE), EC308(FE), EC312(F), EC366(FE), EC332(C), EC334(B+),
MAC15EC076,EC370(F), EC302(FE), EC304(P), EC306(FE), EC308(F), EC312(B), EC332(C), EC334(B),
MAC15EC077,EC302(B), EC304(C), EC306(C), EC308(B), EC312(B), EC366(B), EC332(B+), EC334(B+),
MAC15EC078,EC370(C), EC302(B), EC304(F), EC306(C), EC308(C), EC312(F), EC332(B), EC334(B),
MAC15EC079,EC302(B), EC304(B), EC306(B+), EC308(B+), EC312(B), EC366(B+), EC332(A), EC334(A),
MAC15EC080,EC370(C), EC302(C), EC304(C), EC306(C), EC308(C), EC312(C), EC332(C), EC334(C),
MAC15EC081,EC370(B), EC302(A), EC304(A), EC306(B+), EC308(B+), EC312(B), EC332(A), EC334(A),
MAC15EC082,EC370(B+), EC302(O), EC304(B+), EC306(B+), EC308(A), EC312(B), EC332(A), EC334(B+),
MAC15EC083,EC370(C), EC302(C), EC304(B+), EC306(B), EC308(B+), EC312(B), EC332(B+), EC334(A),
MAC15EC085,EC370(B+), EC302(B+), EC304(B+), EC306(B), EC308(B+), EC312(A), EC332(B+), EC334(B+),
MAC15EC086,EC370(P), EC302(FE), EC304(P), EC306(F), EC308(F), EC312(C), EC332(C), EC334(C),
MAC15EC087,EC302(C), EC304(C), EC306(B), EC308(B+), EC312(C), EC366(B), EC332(B), EC334(B+),
MAC15EC088,EC370(F), EC302(B), EC304(F), EC306(C), EC308(B), EC312(C), EC332(B+), EC334(B),
MAC15EC089,EC302(C), EC304(C), EC306(F), EC308(C), EC312(C), EC366(P), EC332(B), EC334(B+),
MAC15EC090,EC370(A), EC302(B), EC304(A), EC306(B+), EC308(B), EC312(B), EC332(A+), EC334(B),
MAC15EC091,EC302(F), EC304(F), EC306(F), EC308(F), EC312(F), EC366(F), EC332(B), EC334(B+),
MAC15EC092,EC302(B), EC304(B), EC306(C), EC308(C), EC312(B+), EC366(C), EC332(A+), EC334(B+),
MAC15EC093,EC370(F), EC302(C), EC304(C), EC306(B), EC308(C), EC312(C), EC332(B+), EC334(B+),
MAC15EC094,EC370(B), EC302(B), EC304(B+), EC306(B), EC308(C), EC312(B+), EC332(B+), EC334(B),
MAC15EC095,EC370(O), EC302(A+), EC304(A+), EC306(A), EC308(A+), EC312(A), EC332(A), EC334(B+),
MAC15EC096,EC302(B), EC304(B), EC306(F), EC308(F), EC312(B+), EC366(C), EC332(A+), EC334(O),
MAC15EC097,EC370(B), EC302(B+), EC304(B+), EC306(B+), EC308(B+), EC312(B), EC332(A), EC334(B),
MAC15EC098,EC302(B+), EC304(A), EC306(B+), EC308(B+), EC312(B+), EC366(A), EC332(B+), EC334(B+),
MAC15EC099,EC302(C), EC304(C), EC306(C), EC308(B), EC312(F), EC366(B), EC332(B+), EC334(C),
MAC15EC100,EC370(F), EC302(B), EC304(C), EC306(C), EC308(F), EC312(C), EC332(B), EC334(B+),
MAC15EC101,EC370(F), EC302(FE), EC304(FE), EC306(F), EC308(F), EC312(F), EC332(B), EC334(C),
MAC15EC103,EC302(FE), EC304(F), EC306(F), EC308(FE), EC312(Absent), EC366(FE), EC332(B+),,
MAC15EC104,EC370(B), EC302(C), EC304(B), EC306(C), EC308(C), EC312(B+), EC332(B), EC334(B),
MAC15EC105,EC370(F), EC302(FE), EC304(P), EC306(FE), EC308(F), EC312(F), EC332(B+), EC334(A),
MAC15EC106,EC302(A), EC304(A+), EC306(A), EC308(A), EC312(B), EC366(B+), EC332(A+), EC334(B),
MAC15EC107,EC370(F), EC302(F), EC304(B), EC306(C), EC308(C), EC312(B), EC332(B), EC334(B),
MAC15EC108,EC302(B+), EC304(B), EC306(B), EC308(B), EC312(C), EC366(B), EC332(B+), EC334(O),
MAC15EC109,EC302(FE), EC304(F), EC306(FE), EC308(FE), EC312(FE), EC366(F), EC332(C), EC334(P),
MAC15EC110,EC370(F), EC302(B+), EC304(C), EC306(C), EC308(F), EC312(F), EC332(B+), EC334(C),
MAC15EC111,EC302(A), EC304(B+), EC306(B+), EC308(B), EC312(B), EC366(B), EC332(B+), EC334(A),
MAC15EC112,EC302(C), EC304(C), EC306(C), EC308(F), EC312(C), EC366(C), EC332(B), EC334(A),
MAC15EC113,HS300(B), EC302(C), EC304(C), EC306(FE), EC308(C), EC312(C), EC366(C), EC332(C),
MAC15EC114,EC302(B), EC304(C), EC306(B), EC308(C), EC312(B), EC366(C), EC332(B+), EC334(A+),
MAC15EC115,EC302(B+), EC304(A), EC306(B+), EC308(B+), EC312(B+), EC366(A), EC332(B+), EC334(B),
MAC15EC116,EC302(F), EC304(C), EC306(C), EC308(F), EC312(C), EC366(B), EC332(B+), EC334(B),
MAC15EC117,EC302(B), EC304(B), EC306(B), EC308(B+), EC312(B+), EC366(B+), EC332(B+), EC334(B),
MAC15EC118,EC370(F), EC302(B), EC304(B+), EC306(B), EC308(B), EC312(B+), EC332(A), EC334(B),
MAC15EC119,EC302(C), EC304(B), EC306(C), EC308(B), EC312(B+), EC366(B), EC332(B), EC334(B+),
MAC15EC120,EC370(C), EC302(B), EC304(B+), EC306(C), EC308(B), EC312(B), EC332(B+), EC334(A),
MAC15EC121,EC370(F), EC302(F), EC304(C), EC306(F), EC308(F), EC312(B), EC332(B+), EC334(B),
MAC15EC122,EC370(B+), EC302(B+), EC304(B+), EC306(B+), EC308(B+), EC312(O), EC332(A+), EC334(B),
MAC15EC123,EC302(B), EC304(B), EC306(B), EC308(B+), EC312(B), EC366(B+), EC332(A), EC334(A),
MAC15EC124,EC302(B), EC304(B+), EC306(B), EC308(B+), EC312(B), EC366(B), EC332(B+), EC334(A),
MAC15EC125,EC302(A+), EC304(B+), EC306(A), EC308(B+), EC312(A+), EC366(B+), EC332(A), EC334(B),
MAC15EC126,EC302(B+), EC304(B+), EC306(B), EC308(B), EC312(B+), EC366(B+), EC332(B+), EC334(B),
MAC15EC127,EC302(C), EC304(FE), EC306(FE), EC308(P), EC312(F), EC366(F), EC332(B), EC334(B+),
MAC15EC128,EC302(B+), EC304(B+), EC306(B+), EC308(A), EC312(A+), EC366(B+), EC332(A+), EC334(O),
MAC15EE072,EC302(B+), EC304(A), EC306(B+), EC308(B+), EC312(B+), EC366(B+), EC332(B+), EC334(B+),
Course Code,Course,,,,,,,,
CS306,COMPUTER NETWORKS,,,,,,,,
CS334,NETWORK PROGRAMMING LAB,,,,,,,,
CS308,SOFTWARE ENGINEERING AND PROJECT,,,,,,,,
CS352,COMPREHENSIVE EXAM,,,,,,,,
HS300,PRINCIPLES OF MANAGEMENT,,,,,,,,
CS302,DESIGN AND ANALYSIS OF ALGORITHMS,,,,,,,,
CS368,WEB TECHNOLOGIES,,,,,,,,
CS304,COMPILER DESIGN,,,,,,,,
CS332,MICROPROCESSOR LAB,,,,,,,,
Register No,Course Code (Grade),,,,,,,,
LMAC15CS062,HS300(F), CS302(F), CS304(F), CS306(F), CS308(F), CS368(F), CS332(P), CS334(C), CS352(C)
LMAC15CS063,HS300(C), CS306(F), CS308(FE), CS368(FE), CS332(I), CS334(I),,,
LMAC15CS064,HS300(B), CS302(C), CS304(F), CS306(B+), CS308(C), CS368(C), CS332(B), CS334(B+),
LMAC15CS065,HS300(F), CS302(FE), CS304(F), CS306(F), CS308(F), CS368(F), CS332(B),,
LMAC15CS066,HS300(C), CS302(C), CS304(F), CS306(C), CS308(B), CS368(F), CS332(C), CS334(P),
LMAC15CS067,HS300(B+), CS302(B), CS304(B), CS306(B+), CS308(C), CS368(B+), CS332(O), CS334(A+),
MAC15CS001,HS300(B), CS302(B), CS304(B), CS306(B), CS308(C), CS368(B+), CS332(A+), CS334(A),
MAC15CS002,HS300(B), CS302(B), CS304(C), CS306(B), CS308(C), CS368(A), CS332(O), CS334(B+),
MAC15CS003,HS300(C), CS302(B+), CS304(B), CS306(B+), CS308(B), CS368(A), CS332(O), CS334(O),
MAC15CS004,HS300(B), CS302(B), CS304(B), CS306(B), CS308(B), CS368(B), CS332(O), CS334(A+),
MAC15CS005,HS300(B), CS302(B), CS304(F), CS306(B), CS308(C), CS368(B), CS332(B+), CS334(O),
MAC15CS007,HS300(B), CS302(B+), CS304(B+), CS306(B+), CS308(B+), CS368(B+), CS332(O), CS334(O),
MAC15CS008,HS300(B), CS302(C), CS304(C), CS306(C), CS308(P), CS368(C), CS332(B), CS334(B),
MAC15CS009,HS300(B+), CS302(B+), CS304(B+), CS306(B+), CS308(B+), CS368(A+), CS332(B+), CS334(B),
MAC15CS010,HS300(B), CS302(B+), CS304(B), CS306(B), CS308(C), CS368(C), CS332(O), CS334(B+),
MAC15CS011,HS300(F), CS302(B), CS304(B+), CS306(C), CS308(P), CS368(B), CS332(B+), CS334(B+),
MAC15CS012,HS300(B+), CS302(B+), CS304(B+), CS306(B+), CS308(B), CS368(B+), CS332(A), CS334(B+),
MAC15CS013,HS300(C), CS302(B), CS304(F), CS306(C), CS308(B), CS368(C), CS332(B), CS334(B),
MAC15CS014,HS300(A), CS302(B+), CS304(B), CS306(A), CS308(B+), CS368(A), CS332(O), CS334(A+),
MAC15CS015,HS300(B), CS302(B+), CS304(B+), CS306(B+), CS308(B), CS368(B+), CS332(A), CS334(B),
MAC15CS016,HS300(A), CS302(B+), CS304(B+), CS306(B+), CS308(B+), CS368(B), CS332(B), CS334(B),
MAC15CS017,HS300(B), CS302(B), CS304(C), CS306(B), CS308(B), CS368(B+), CS332(A), CS334(A),
MAC15CS018,HS300(B), CS302(B+), CS304(B), CS306(B+), CS308(B+), CS368(B+), CS332(B+), CS334(B+),
MAC15CS019,HS300(C), CS302(C), CS304(F), CS306(C), CS308(F), CS368(C), CS332(B+), CS334(B),
MAC15CS020,HS300(B+), CS302(B), CS304(B+), CS306(B), CS308(C), CS368(B+), CS332(O), CS334(B+),
MAC15CS021,HS300(B+), CS302(B), CS304(C), CS306(B), CS308(C), CS368(B+), CS332(O), CS334(A),
MAC15CS022,HS300(F), CS302(B), CS304(F), CS306(F), CS308(F), CS368(P), CS332(B+), CS334(B),
MAC15CS023,HS300(C), CS302(A), CS304(B), CS306(B+), CS308(C), CS368(B+), CS332(B+), CS334(B+),
MAC15CS024,HS300(C), CS302(C), CS304(C), CS306(C), CS308(B), CS368(C), CS332(B+), CS334(B),
MAC15CS025,HS300(B+), CS302(B), CS304(B), CS306(B+), CS308(B), CS368(B+), CS332(C), CS334(C),
MAC15CS026,HS300(B), CS302(B), CS304(F), CS306(C), CS308(C), CS368(P), CS332(C), CS334(C),
MAC15CS028,HS300(B+), CS302(B+), CS304(B+), CS306(B+), CS308(B), CS368(A+), CS332(O), CS334(A),
MAC15CS029,HS300(B), CS302(B), CS304(B), CS306(B), CS308(C), CS368(A), CS332(O), CS334(B+),
MAC15CS030,HS300(A), CS302(C), CS304(B), CS306(B+), CS308(B), CS368(A), CS332(B+), CS334(B+),
MAC15CS032,HS300(C), CS302(B), CS304(C), CS306(C), CS308(C), CS368(C), CS332(B+), CS334(B),
MAC15CS033,HS300(B), CS302(B), CS304(B), CS306(B+), CS308(B), CS368(A+), CS332(B), CS334(B+),
MAC15CS034,HS300(C), CS302(C), CS304(C), CS306(B), CS308(F), CS368(B), CS332(O), CS334(O),
MAC15CS035,HS300(C), CS302(C), CS304(F), CS306(C), CS308(F), CS368(B), CS332(B), CS334(C),
MAC15CS036,HS300(B), CS302(C), CS304(C), CS306(B+), CS308(B), CS368(B), CS332(O), CS334(O),
MAC15CS037,HS300(O), CS302(A+), CS304(A+), CS306(O), CS308(A+), CS368(B+), CS332(O), CS334(O),
MAC15CS038,HS300(B), CS302(C), CS304(C), CS306(C), CS308(C), CS368(C), CS332(B), CS334(B),
MAC15CS039,HS300(B+), CS302(B), CS304(B), CS306(B), CS308(B), CS368(B+), CS332(A), CS334(O),
MAC15CS040,HS300(F), CS302(C), CS304(F), CS306(B), CS308(F), CS368(C), CS332(B+), CS334(A),
MAC15CS041,HS300(B), CS302(C), CS304(C), CS306(C), CS308(F), CS368(P), CS332(B), CS334(B),
MAC15CS042,HS300(B+), CS302(B+), CS304(B), CS306(B+), CS308(C), CS368(B), CS332(B+), CS334(A),
MAC15CS043,HS300(A), CS302(B+), CS304(B+), CS306(B+), CS308(B), CS368(B+), CS332(A+), CS334(A),
MAC15CS044,HS300(A), CS302(B), CS304(B), CS306(B), CS308(B+), CS368(B+), CS332(B+), CS334(A),
MAC15CS045,HS300(A), CS302(B+), CS304(B), CS306(B+), CS308(B), CS368(A), CS332(B+), CS334(A),
MAC15CS046,HS300(B), CS302(B), CS304(B), CS306(B), CS308(B), CS368(B), CS332(B+), CS334(B+),
MAC15CS047,HS300(B+), CS302(B+), CS304(A+), CS306(B+), CS308(B), CS368(A), CS332(O), CS334(O),
MAC15CS048,HS300(B), CS302(B), CS304(B), CS306(B+), CS308(B), CS368(B), CS332(B+), CS334(B+),
MAC15CS049,HS300(B+), CS302(B+), CS304(B+), CS306(B+), CS308(B+), CS368(B+), CS332(A+), CS334(O),
MAC15CS050,HS300(B), CS302(B), CS304(F), CS306(C), CS308(F), CS368(B+), CS332(B), CS334(A+),
MAC15CS051,HS300(A+), CS302(B+), CS304(A), CS306(B+), CS308(B), CS368(A), CS332(O), CS334(A+),
MAC15CS052,HS300(A), CS302(B), CS304(F), CS306(B), CS308(B), CS368(C), CS332(B), CS334(B+),
MAC15CS053,HS300(C), CS302(C), CS304(F), CS306(P), CS308(F), CS368(P), CS332(B), CS334(B),
MAC15CS054,HS300(B), CS302(B), CS304(C), CS306(C), CS308(C), CS368(C), CS332(C), CS334(B),
MAC15CS055,HS300(B+), CS302(B), CS304(B), CS306(B+), CS308(B+), CS368(A), CS332(O), CS334(A+),
MAC15CS056,HS300(A), CS302(B), CS304(B), CS306(B+), CS308(B), CS368(B), CS332(C), CS334(B+),
MAC15CS057,HS300(C), CS302(C), CS304(C), CS306(C), CS308(C), CS368(B), CS332(B), CS334(B+),
MAC15CS058,HS300(B+), CS302(B), CS304(C), CS306(C), CS308(B), CS368(B+), CS332(B), CS334(B+),
MAC15CS059,HS300(B), CS302(C), CS304(C), CS306(B), CS308(B), CS368(C), CS332(B), CS334(B),
MAC15CS061,HS300(B+), CS302(B+), CS304(B), CS306(B+), CS308(C), CS368(B+), CS332(O), CS334(A+),
